,,,,財政力指数,,実質収支比率,,地方債現在高の割合,,経常収支比率,,自主財源の割合,,一般財源の割合,,投資的経費の割合,,地方税割合,,地方交付税割合,,都,,,,,国庫支出金割合,,住 民 税,,固定資産税,,課税対象所得,,民生費割合,,社会福祉費割合,,老人福祉費割合,,児童福祉費割合,,生活保護費割合,,都,,,,,衛生費割合,,労働費割合,,農林水産業費割合,,商工費割合,,土木費割合,,警察費割合,,消防費割合,,教育費割合,,災害復旧費割合,,都,,,,,人件費割合,,扶助費割合,,普通建設事業費割合,,歳出決算総額,,民 生 費,,社会福祉費,,老人福祉費,,児童福祉費,,生活保護費,,都,,,,,衛 生 費,,土 木 費,,警 察 費,,消 防 費,,教 育 費,,社会教育費,,災害復旧費,,公立小学校費,,公立中学校費,,都,,,,,公立高等学校費,,特別支援学校費<公立>,,幼 稚 園 費,,
,,,,［県財政］,,［県財政］,,（対歳出決算総額）,,［県財政］,,（対歳出決算総額）,,（対歳出決算総額）,,（対歳出決算総額）,,（対歳入決算総額）,,（対歳入決算総額）,,道,,,,,（対歳入決算総額）,,（人口１人当たり）,,（人口１人当たり）,,（納税義務者１人当たり）,,（対歳出決算総額）,,（対歳出決算総額）,,（対歳出決算総額）,,（対歳出決算総額）,,（対歳出決算総額）,,道,,,,,（対歳出決算総額）,,（対歳出決算総額）,,（対歳出決算総額）,,（対歳出決算総額）,,（対歳出決算総額）,,（対歳出決算総額）,,（対歳出決算総額）,,（対歳出決算総額）,,（対歳出決算総額）,,道,,,,,（対歳出決算総額）,,（対歳出決算総額）,,（対歳出決算総額）,,（人口１人当たり）,,（人口１人当たり）,,（人口１人当たり）,,(65歳以上人口１人当たり),,(17歳以下人口１人当たり),,(被保護実人員１人当たり),,道,,,,,（人口１人当たり）,,（人口１人当たり）,,（人口１人当たり）,,（人口１人当たり）,,（人口１人当たり）,,（人口１人当たり）,,（人口１人当たり）,,（児童１人当たり）,,（生徒１人当たり）,,道,,,,,（生徒１人当たり）,,（児童・生徒１人当たり）,,（児童１人当たり）,,
,単　位,,,－,,％,,％,,％,,％,,％,,％,,％,,％,,｜,,単　位,,,％,,千円,,千円,,千円,,％,,％,,％,,％,,％,,｜,,単　位,,,％,,％,,％,,％,,％,,％,,％,,％,,％,,｜,,単　位,,,％,,％,,％,,千円,,千円,,千円,,千円,,千円,,千円,,｜,,単　位,,,千円,,千円,,千円,,千円,,千円,,千円,,千円,,千円,,千円,,｜,,単　位,,,千円,,千円,,千円,,
,年　度,,,2014,,2014,,2014,,2014,,2014,,2014,,2014,,2014,,2014,,ド,,年　度,,,2014,,2014,,2014,,2015,,2014,,2014,,2014,,2014,,2014,,ド,,年　度,,,2014,,2014,,2014,,2014,,2014,,2014,,2014,,2014,,2014,,ド,,年　度,,,2014,,2014,,2014,,2014,,2014,,2014,,2014,,2014,,2014,,ド,,年　度,,,2014,,2014,,2014,,2014,,2014,,2014,,2014,,2014,,2014,,ド,,年　度,,,2014,,2014,,2014,,
,都  道  府  県,,,指　標　値,順位,指　標　値,順位,指　標　値,順位,指　標　値,順位,指　標　値,順位,指　標　値,順位,指　標　値,順位,指　標　値,順位,指　標　値,順位,,,都  道  府  県,,,指　標　値,順位,指　標　値,順位,指　標　値,順位,指　標　値,順位,指　標　値,順位,指　標　値,順位,指　標　値,順位,指　標　値,順位,指　標　値,順位,,,都  道  府  県,,,指　標　値,順位,指　標　値,順位,指　標　値,順位,指　標　値,順位,指　標　値,順位,指　標　値,順位,指　標　値,順位,指　標　値,順位,指　標　値,順位,,,都  道  府  県,,,指　標　値,順位,指　標　値,順位,指　標　値,順位,指　標　値,順位,指　標　値,順位,指　標　値,順位,指　標　値,順位,指　標　値,順位,指　標　値,順位,,,都  道  府  県,,,指　標　値,順位,指　標　値,順位,指　標　値,順位,指　標　値,順位,指　標　値,順位,指　標　値,順位,指　標　値,順位,指　標　値,順位,指　標　値,順位,,,都  道  府  県,,,指　標　値,順位,指　標　値,順位,指　標　値,順位,
,,,,,,,,,,,,,,,,,,,,,,,,,,,,,,,,,,,,,,,,,,,,,,,,,,,,,,,,,,,,,,,,,,,,,,,,,,,,,,,,,,,,,,,,,,,,,,,,,,,,,,,,,,,,,,,,,,,,,,,,,,,,,1
,全    国,Japan,,0.473,,1.5,,178.4,,93.5,,55.1,,58.3,,15.3,,34.42,,17.18,,全国,,全    国,Japan,,12.37,,123.8,,69.0,,"3,287.9",,15.14,,4.64,,5.84,,3.08,,0.54,,全国,,全    国,Japan,,3.33,,0.64,,4.87,,7.44,,11.01,,6.37,,4.25,,21.74,,0.97,,全国,,全    国,Japan,,27.18,,2.07,,14.31,,847.6,,216.0,,57.6,,199.0,,421.6,,"1,879.5",,全国,,全    国,Japan,,53.7,,96.4,,25.2,,21.4,,132.3,,9.7,,6.2,,745.2,,883.5,,全国,,全    国,Japan,,986.5,,"6,525.6",,161.1,,
01,北海道,Hokkaido,,0.398,28,0.2,44,243.4,1,96.4,7,38.9,37,56.9,23,17.9,22,24.23,23,27.84,18,01,01,北 海 道,Hokkaido,,14.09,13,91.9,31,52.3,41,"2,847.3",31,14.46,20,4.79,17,6.32,20,1.85,44,1.50,2,01,01,北 海 道,Hokkaido,,2.66,40,0.45,39,9.76,5,6.55,27,12.11,25,5.20,24,5.15,21,21.59,30,0.21,34,01,01,北 海 道,Hokkaido,,26.70,30,2.86,9,17.72,19,"1,035.3",16,248.3,9,73.9,3,227.7,10,358.9,42,"1,783.4",26,01,01,北 海 道,Hokkaido,,60.7,22,128.0,12,23.0,22,30.5,8,158.2,15,11.8,19,1.7,37,930.4,6,"1,138.6",6,01,01,北 海 道,Hokkaido,,"1,017.8",28,"8,889.3",2,92.3,38,
02,青森県,Aomori-ken,,0.317,36,0.6,33,186.0,34,95.8,9,39.6,33,57.3,19,21.3,15,20.18,29,31.44,9,02,02,青 森 県,Aomori-ken,,15.71,10,74.2,46,55.9,34,"2,609.1",46,14.32,23,4.55,26,5.28,36,3.24,20,1.25,5,02,02,青 森 県,Aomori-ken,,3.47,25,0.67,13,9.50,7,6.87,24,10.86,31,4.30,41,8.24,1,20.62,34,0.67,19,02,02,青 森 県,Aomori-ken,,24.79,38,2.72,11,20.58,14,"1,076.9",11,244.1,11,70.4,7,208.9,27,463.9,7,"1,620.2",44,02,02,青 森 県,Aomori-ken,,74.6,7,107.5,24,22.4,26,45.9,2,159.2,14,12.9,14,7.1,13,905.9,12,"1,021.2",14,02,02,青 森 県,Aomori-ken,,"1,096.9",16,"6,220.5",34,149.7,30,
03,岩手県,Iwate-ken,,0.318,35,6.6,2,151.1,42,97.6,3,51.2,15,44.9,44,27.5,1,12.28,46,25.62,24,03,03,岩 手 県,Iwate-ken,,18.86,4,83.1,36,53.4,39,"2,657.5",42,9.30,46,2.91,45,3.71,46,1.83,45,0.33,29,03,03,岩 手 県,Iwate-ken,,5.40,2,1.32,3,8.04,17,12.99,5,11.84,27,2.77,46,4.33,34,14.90,45,11.58,1,03,03,岩 手 県,Iwate-ken,,17.94,46,1.26,43,15.97,27,"1,569.1",2,228.6,19,63.0,20,213.1,21,410.5,21,"1,563.4",47,03,03,岩 手 県,Iwate-ken,,99.8,1,242.2,1,21.0,33,35.1,4,169.1,6,14.0,10,123.2,1,964.9,5,"1,068.8",9,03,03,岩 手 県,Iwate-ken,,"1,056.4",20,"6,579.8",26,282.3,15,
04,宮城県,Miyagi-ken,,0.559,15,7.9,1,125.3,44,98.6,2,61.2,5,44.1,45,25.7,2,19.80,32,16.72,37,04,04,宮 城 県,Miyagi-ken,,20.35,3,105.1,20,55.4,36,"3,045.3",16,12.81,37,3.03,44,4.04,44,2.24,42,0.37,28,04,04,宮 城 県,Miyagi-ken,,3.65,21,2.81,1,7.00,21,11.23,11,10.56,33,3.80,44,3.02,46,17.18,42,9.40,2,04,04,宮 城 県,Miyagi-ken,,19.94,44,1.28,42,16.26,25,"1,341.8",4,206.0,26,51.0,39,196.0,33,390.0,33,"1,653.7",42,04,04,宮 城 県,Miyagi-ken,,73.5,8,238.9,2,21.1,32,23.7,25,143.8,30,11.6,21,73.0,2,760.6,30,836.8,35,04,04,宮 城 県,Miyagi-ken,,"1,204.6",9,"7,506.7",12,216.4,22,
05,秋田県,Akita-ken,,0.280,44,0.4,37,206.7,16,91.2,39,41.9,31,50.9,42,19.4,19,15.36,42,31.28,10,05,05,秋 田 県,Akita-ken,,10.86,36,74.3,45,51.4,44,"2,580.7",47,11.64,41,3.88,37,5.48,32,1.93,43,0.30,31,05,05,秋 田 県,Akita-ken,,3.02,32,0.65,17,9.78,4,15.90,1,10.34,36,4.02,43,6.32,5,18.43,40,0.99,12,05,05,秋 田 県,Akita-ken,,22.48,42,1.10,45,18.39,17,"1,186.2",6,229.4,18,66.5,11,238.3,6,406.2,26,"1,601.9",45,05,05,秋 田 県,Akita-ken,,69.8,12,121.7,15,24.2,18,36.9,3,166.0,10,12.7,16,11.4,8,"1,016.9",2,"1,108.4",7,05,05,秋 田 県,Akita-ken,,"1,290.8",4,"6,986.5",21,342.1,9,
06,山形県,Yamagata-ken,,0.324,34,1.2,18,207.3,15,93.5,21,41.1,32,56.0,27,17.6,25,18.91,34,31.59,8,06,06,山 形 県,Yamagata-ken,,11.27,32,82.3,38,52.0,43,"2,632.3",43,12.68,38,3.50,40,5.52,31,3.04,23,0.48,17,06,06,山 形 県,Yamagata-ken,,4.30,6,0.82,9,7.68,19,11.46,10,11.55,30,4.51,38,5.42,16,20.79,33,1.58,7,06,06,山 形 県,Yamagata-ken,,27.15,28,1.35,41,15.99,26,999.3,19,198.0,32,50.5,40,216.4,17,427.2,17,"1,818.5",22,06,06,山 形 県,Yamagata-ken,,62.9,18,113.0,18,22.7,25,26.9,15,168.0,8,14.5,7,11.3,9,927.4,7,"1,184.4",2,06,06,山 形 県,Yamagata-ken,,"1,240.2",7,"8,500.8",5,74.5,41,
07,福島県,Fukushima-ken,,0.469,20,1.5,13,74.0,47,96.7,6,53.2,11,28.2,47,16.6,30,11.32,47,13.12,41,07,07,福 島 県,Fukushima-ken,,29.30,2,94.4,29,58.2,30,"2,858.0",29,30.44,1,1.94,47,2.75,47,1.34,47,0.19,41,07,07,福 島 県,Fukushima-ken,,3.08,30,1.45,2,4.35,35,9.50,16,7.96,44,2.31,47,3.55,43,11.53,47,3.48,3,07,07,福 島 県,Fukushima-ken,,13.50,47,0.82,46,13.16,36,"1,777.7",1,584.7,1,52.8,36,214.9,19,354.2,45,"1,709.5",38,07,07,福 島 県,Fukushima-ken,,73.4,9,168.2,5,22.8,24,28.1,14,173.0,5,12.3,17,61.8,3,974.4,4,"1,055.1",11,07,07,福 島 県,Fukushima-ken,,"1,073.7",17,"6,520.0",29,333.9,10,
08,茨城県,Ibaraki-ken,,0.619,8,0.9,24,194.9,23,90.4,44,52.0,14,55.0,32,14.8,34,31.14,15,17.70,35,08,08,茨 城 県,Ibaraki-ken,,11.80,27,109.4,18,66.2,13,"3,091.6",14,14.15,25,4.78,18,5.57,30,3.32,16,0.42,23,08,08,茨 城 県,Ibaraki-ken,,3.16,28,0.89,5,4.77,34,8.29,19,14.67,7,5.21,23,6.07,6,24.93,11,0.47,23,08,08,茨 城 県,Ibaraki-ken,,28.39,22,1.98,24,14.37,32,788.9,35,177.3,43,52.1,37,179.8,42,364.9,41,"1,881.5",10,08,08,茨 城 県,Ibaraki-ken,,46.9,40,102.4,27,19.8,46,24.8,20,149.8,22,8.5,39,3.9,22,852.4,16,965.4,22,08,08,茨 城 県,Ibaraki-ken,,"1,023.3",27,"5,395.9",46,256.7,18,
09,栃木県,Tochigi-ken,,0.594,11,1.9,9,149.0,43,93.0,27,55.7,8,56.2,25,13.6,36,32.94,11,16.79,36,09,09,栃 木 県,Tochigi-ken,,11.82,26,112.3,10,70.0,9,"3,042.3",17,14.42,21,4.43,29,5.46,34,3.99,5,0.49,16,09,09,栃 木 県,Tochigi-ken,,4.40,5,0.64,19,4.88,33,12.23,8,9.75,37,5.52,20,4.79,31,24.77,13,0.08,42,09,09,栃 木 県,Tochigi-ken,,29.94,15,1.95,27,13.48,35,783.6,37,180.4,42,49.4,43,175.3,43,395.0,31,"1,749.6",33,09,09,栃 木 県,Tochigi-ken,,52.8,35,80.9,38,20.7,35,19.5,36,138.1,33,9.7,34,1.3,39,754.8,31,908.1,30,09,09,栃 木 県,Tochigi-ken,,902.0,38,"5,647.3",42,38.1,47,
10,群馬県,Gumma-ken,,0.575,12,1.1,20,162.5,41,93.7,19,52.1,13,57.0,22,17.0,27,32.62,12,17.71,34,10,10,群 馬 県,Gumma-ken,,11.94,25,112.6,9,68.2,11,"3,006.6",18,15.31,15,4.81,16,6.13,23,3.91,7,0.45,21,10,10,群 馬 県,Gumma-ken,,2.94,33,0.55,26,5.36,28,10.26,14,13.01,15,5.98,14,5.50,13,24.63,14,0.17,39,10,10,群 馬 県,Gumma-ken,,30.50,10,3.40,4,16.82,23,803.1,32,189.5,36,54.0,32,195.3,36,402.4,28,"1,845.6",19,10,10,群 馬 県,Gumma-ken,,46.6,41,92.0,30,22.1,27,23.8,24,150.0,21,11.6,22,0.9,42,761.6,29,968.3,20,10,10,群 馬 県,Gumma-ken,,937.8,36,"7,186.8",19,288.7,14,
11,埼玉県,Saitama-ken,,0.755,5,0.6,33,222.5,7,94.6,13,52.4,12,63.0,4,9.5,44,44.28,4,10.98,42,11,11,埼 玉 県,Saitama-ken,,10.32,38,118.9,7,60.9,26,"3,320.7",7,18.69,4,6.42,1,7.07,6,4.50,3,0.66,11,11,11,埼 玉 県,Saitama-ken,,2.90,36,0.61,21,1.87,44,1.71,43,9.37,38,7.96,6,5.73,11,30.05,1,0.03,44,11,11,埼 玉 県,Saitama-ken,,35.77,2,2.32,16,9.45,44,572.3,47,168.7,45,47.6,44,154.5,46,372.8,40,"1,815.1",23,11,11,埼 玉 県,Saitama-ken,,40.5,46,60.1,46,18.8,47,19.3,37,106.1,46,7.2,45,0.1,45,569.3,46,721.3,45,11,11,埼 玉 県,Saitama-ken,,853.2,42,"5,806.4",41,51.3,44,
12,千葉県,Chiba-ken,,0.764,4,1.0,22,186.6,33,92.7,31,60.3,6,60.3,11,8.9,45,42.90,5,10.03,43,12,12,千 葉 県,Chiba-ken,,10.24,40,124.5,5,63.0,24,"3,427.0",4,15.41,13,5.47,6,6.63,15,2.89,25,0.38,27,12,12,千 葉 県,Chiba-ken,,3.56,23,0.26,47,2.42,43,9.96,15,6.47,46,9.34,1,4.91,28,28.14,3,0.20,36,12,12,千 葉 県,Chiba-ken,,34.82,3,2.16,19,8.74,45,613.9,45,164.0,46,45.1,47,150.7,47,358.2,44,"1,855.4",17,12,12,千 葉 県,Chiba-ken,,45.5,42,53.1,47,24.6,15,17.2,42,118.5,43,7.6,43,2.0,36,707.3,38,824.6,39,12,12,千 葉 県,Chiba-ken,,840.4,44,"6,351.3",32,87.0,40,
13,東京都,Tokyo-to,,0.925,1,4.1,3,79.1,46,84.8,47,90.4,1,77.9,1,11.6,42,69.09,1,0.00,47,13,13,東 京 都,Tokyo-to,,5.63,47,230.2,1,106.6,1,"4,288.8",1,13.11,35,4.56,24,4.25,43,3.80,9,0.46,20,13,13,東 京 都,Tokyo-to,,3.90,16,0.39,42,0.31,47,4.91,34,11.97,26,9.09,4,2.64,47,14.33,46,0.07,43,13,13,東 京 都,Tokyo-to,,22.25,43,1.98,26,11.50,40,871.4,28,246.5,10,64.3,16,212.4,22,653.9,1,"2,159.4",1,13,13,東 京 都,Tokyo-to,,54.9,32,94.0,29,44.5,1,23.0,28,117.6,44,8.3,40,0.4,43,806.0,24,986.1,18,13,13,東 京 都,Tokyo-to,,"1,073.4",18,"5,966.9",39,90.4,39,
14,神奈川県,Kanagawa-ken,,0.917,3,0.6,33,192.5,28,93.3,25,65.6,3,69.0,2,6.4,47,56.16,2,3.97,45,14,14,神奈川県,Kanagawa-ken,,9.84,42,145.0,3,71.5,7,"3,749.6",2,18.75,3,6.26,3,7.69,3,4.15,4,0.61,14,14,14,神奈川県,Kanagawa-ken,,2.82,38,0.53,31,1.25,45,1.10,47,5.11,47,9.31,2,3.60,42,29.62,2,0.00,47,14,14,神奈川県,Kanagawa-ken,,36.29,1,2.62,12,6.38,47,582.5,46,183.8,40,49.6,41,166.3,45,396.5,29,"1,919.8",8,14,14,神奈川県,Kanagawa-ken,,37.7,47,63.8,45,20.0,44,13.3,47,96.7,47,6.4,46,0.1,47,565.9,47,696.7,46,14,14,神奈川県,Kanagawa-ken,,895.0,40,"5,967.1",38,40.9,46,
15,新潟県,Niigata-ken,,0.413,25,1.1,20,175.2,38,94.0,18,56.8,7,41.7,46,16.8,29,17.70,36,19.13,32,15,15,新 潟 県,Niigata-ken,,11.26,33,92.6,30,66.0,15,"2,722.3",35,8.62,47,2.70,46,4.33,42,1.39,46,0.11,44,15,15,新 潟 県,Niigata-ken,,2.81,39,0.34,44,6.01,26,5.70,33,13.80,10,3.48,45,4.57,32,15.34,44,0.94,14,15,15,新 潟 県,Niigata-ken,,19.77,45,0.70,47,15.85,28,"1,133.8",8,192.9,33,51.6,38,207.1,30,410.2,22,"1,588.9",46,15,15,新 潟 県,Niigata-ken,,61.0,21,170.7,4,21.0,34,24.2,22,148.1,24,11.2,26,7.7,11,910.3,11,"1,066.9",10,15,15,新 潟 県,Niigata-ken,,984.0,29,"7,113.7",20,168.2,27,
16,富山県,Toyama-ken,,0.437,24,0.4,37,238.0,3,93.7,19,47.0,21,54.5,35,21.9,12,23.59,24,24.05,27,16,16,富 山 県,Toyama-ken,,10.79,37,109.7,17,71.7,6,"2,867.5",28,11.45,43,3.17,42,5.85,27,2.34,38,0.06,46,16,16,富 山 県,Toyama-ken,,2.92,34,0.67,12,8.28,14,8.26,20,13.72,11,4.72,34,4.83,30,20.59,35,0.25,33,16,16,富 山 県,Toyama-ken,,25.84,34,1.20,44,21.63,8,971.8,21,186.6,39,46.2,45,210.2,26,441.5,13,"1,974.9",5,16,16,富 山 県,Toyama-ken,,54.6,33,141.3,10,23.0,23,23.4,27,155.4,19,18.5,4,2.8,31,842.4,17,940.9,27,16,16,富 山 県,Toyama-ken,,"1,106.3",14,"7,808.9",9,211.3,23,
17,石川県,Ishikawa-ken,,0.446,22,0.3,42,239.0,2,92.8,29,44.2,26,56.2,26,21.3,14,25.92,21,24.56,25,17,17,石 川 県,Ishikawa-ken,,12.44,23,109.9,15,64.6,20,"2,947.3",21,12.91,36,4.52,27,5.80,29,2.33,39,0.25,33,17,17,石 川 県,Ishikawa-ken,,2.63,41,0.56,24,6.45,24,6.33,31,14.64,8,4.62,36,5.02,26,20.56,36,0.35,27,17,17,石 川 県,Ishikawa-ken,,25.43,37,2.06,20,21.00,11,936.4,23,202.7,29,56.5,26,210.4,25,452.4,10,"2,034.7",2,17,17,石 川 県,Ishikawa-ken,,55.4,30,124.5,13,21.1,31,24.0,23,147.6,27,17.0,5,2.8,30,785.2,27,935.2,28,17,17,石 川 県,Ishikawa-ken,,"1,053.3",21,"6,133.3",36,44.5,45,
18,福井県,Fukui-ken,,0.369,31,1.5,13,194.1,25,92.1,35,36.5,41,57.1,21,24.3,5,22.47,26,29.67,13,18,18,福 井 県,Fukui-ken,,18.16,5,105.5,19,76.9,3,"2,851.0",30,11.51,42,3.55,39,4.81,39,2.94,24,0.19,42,18,18,福 井 県,Fukui-ken,,3.04,31,0.48,36,7.93,18,4.78,35,14.78,6,4.91,30,5.96,7,21.23,32,0.89,15,18,18,福 井 県,Fukui-ken,,25.78,35,2.03,21,23.43,3,"1,063.0",12,211.7,23,60.6,22,210.9,23,475.2,5,"1,836.6",20,18,18,福 井 県,Fukui-ken,,56.7,27,140.0,11,27.6,8,29.8,10,176.1,4,19.9,3,6.9,15,884.7,13,"1,000.7",15,18,18,福 井 県,Fukui-ken,,"1,146.9",12,"8,683.9",3,291.8,13,
19,山梨県,Yamanashi-ken,,0.372,30,1.9,9,208.9,13,93.4,23,43.7,28,53.1,37,23.8,6,19.90,30,27.51,19,19,19,山 梨 県,Yamanashi-ken,,13.04,20,101.7,24,66.1,14,"2,938.2",22,10.88,44,3.66,38,4.53,41,2.43,32,0.25,34,19,19,山 梨 県,Yamanashi-ken,,4.17,9,0.62,20,8.55,10,6.43,28,18.97,1,4.50,39,6.48,3,19.59,38,0.17,38,19,19,山 梨 県,Yamanashi-ken,,24.50,39,1.42,39,23.63,2,"1,059.5",13,201.2,30,61.4,21,208.1,29,393.6,32,"1,955.1",6,19,19,山 梨 県,Yamanashi-ken,,79.1,5,161.6,6,25.3,14,32.3,6,160.3,12,13.3,12,1.6,38,840.4,18,956.8,25,19,19,山 梨 県,Yamanashi-ken,,"1,037.3",23,"8,396.4",6,54.4,43,
20,長野県,Nagano-ken,,0.454,21,1.2,18,192.4,29,92.1,35,43.2,29,60.2,13,18.8,20,27.73,19,25.99,23,20,20,長 野 県,Nagano-ken,,12.90,21,99.7,27,63.5,22,"2,893.5",26,13.86,30,4.60,22,6.50,17,2.27,41,0.42,25,20,20,長 野 県,Nagano-ken,,3.08,29,0.65,18,6.77,22,7.09,23,13.63,12,5.11,27,5.78,10,23.93,19,0.70,18,20,20,長 野 県,Nagano-ken,,30.29,12,1.91,28,18.07,18,905.2,26,191.7,34,56.1,28,208.5,28,375.2,38,"1,873.4",12,20,20,長 野 県,Nagano-ken,,58.6,25,117.9,16,20.0,43,29.7,11,147.8,26,14.3,8,4.9,20,797.7,26,964.4,23,20,20,長 野 県,Nagano-ken,,"1,049.1",22,"6,459.7",31,274.1,16,
21,岐阜県,Gifu-ken,,0.510,18,1.4,16,200.9,19,92.5,33,45.2,23,59.1,17,18.3,21,29.81,18,22.50,29,21,21,岐 阜 県,Gifu-ken,,11.35,31,103.1,21,64.7,19,"2,987.9",19,14.01,27,5.32,8,6.00,25,2.43,33,0.25,32,21,21,岐 阜 県,Gifu-ken,,3.20,27,0.50,35,6.15,25,6.35,30,12.55,20,5.68,18,5.07,24,24.39,18,0.63,20,21,21,岐 阜 県,Gifu-ken,,29.97,14,1.53,36,17.67,20,781.6,38,175.6,44,55.6,29,184.5,41,339.0,46,"1,849.1",18,21,21,岐 阜 県,Gifu-ken,,54.0,34,89.7,32,20.7,36,21.1,33,140.0,32,13.1,13,3.3,26,723.1,36,804.5,41,21,21,岐 阜 県,Gifu-ken,,819.1,46,"6,095.6",37,231.1,21,
22,静岡県,Shizuoka-ken,,0.691,7,0.9,24,237.5,4,91.0,41,54.0,10,62.5,5,14.8,35,41.66,6,13.29,40,22,22,静 岡 県,Shizuoka-ken,,11.23,35,121.3,6,76.3,4,"3,101.2",13,14.94,18,5.01,11,6.92,9,2.58,30,0.41,26,22,22,静 岡 県,Shizuoka-ken,,3.77,18,0.44,40,4.29,36,1.57,44,11.69,29,6.54,9,5.33,20,26.44,6,0.35,26,22,22,静 岡 県,Shizuoka-ken,,31.22,8,1.44,37,14.44,31,685.8,44,162.6,47,46.0,46,172.0,44,331.2,47,"1,781.6",28,22,22,静 岡 県,Shizuoka-ken,,52.6,36,87.7,36,20.3,41,20.0,34,119.7,41,7.8,42,2.6,33,598.8,45,723.6,44,22,22,静 岡 県,Shizuoka-ken,,971.8,30,"5,507.6",44,237.1,20,
23,愛知県,Aichi-ken,,0.921,2,0.9,24,218.1,10,93.4,23,66.7,2,60.9,9,10.3,43,50.25,3,3.50,46,23,23,愛 知 県,Aichi-ken,,8.88,45,149.7,2,79.9,2,"3,544.4",3,15.03,16,5.02,10,6.51,16,3.31,17,0.18,43,23,23,愛 知 県,Aichi-ken,,2.15,47,0.37,43,2.97,42,9.23,17,8.50,42,7.11,8,3.82,39,25.16,9,0.02,46,23,23,愛 知 県,Aichi-ken,,30.13,13,1.89,30,10.24,43,687.9,43,180.5,41,49.5,42,188.6,39,395.6,30,"1,820.4",21,23,23,愛 知 県,Aichi-ken,,45.1,43,75.8,42,21.4,30,14.7,45,116.5,45,9.2,37,0.1,46,610.6,44,686.2,47,23,23,愛 知 県,Aichi-ken,,796.3,47,"5,393.8",47,100.3,34,
24,三重県,Mie-ken,,0.561,14,0.9,24,207.8,14,95.8,9,45.1,24,61.1,7,17.9,23,33.71,9,20.41,30,24,24,三 重 県,Mie-ken,,11.77,29,110.3,14,70.6,8,"3,138.4",11,15.60,12,4.93,13,6.70,12,3.43,13,0.43,22,24,24,三 重 県,Mie-ken,,3.66,20,0.67,14,5.42,27,1.79,42,13.21,14,5.51,21,5.52,12,26.00,7,1.36,9,24,24,三 重 県,Mie-ken,,33.29,4,1.67,33,16.55,24,773.7,39,188.3,37,54.0,33,191.3,37,383.4,34,"1,771.4",29,24,24,三 重 県,Mie-ken,,65.6,15,90.5,31,19.9,45,22.8,29,134.2,35,8.2,41,7.3,12,737.4,35,877.7,33,24,24,三 重 県,Mie-ken,,876.4,41,"7,557.4",11,349.7,8,
25,滋賀県,Shiga-ken,,0.529,17,0.3,42,211.6,11,92.9,28,44.6,25,61.1,8,15.4,31,31.85,13,23.00,28,25,25,滋 賀 県,Shiga-ken,,11.79,28,112.0,12,68.0,12,"3,175.7",10,15.02,17,4.90,14,5.97,26,3.92,6,0.22,38,25,25,滋 賀 県,Shiga-ken,,4.05,12,0.52,32,5.15,29,4.41,36,10.44,35,5.76,17,5.41,17,27.54,4,1.37,8,25,25,滋 賀 県,Shiga-ken,,33.06,5,1.73,32,14.01,34,759.4,40,187.3,38,55.3,30,195.9,34,404.8,27,"1,648.4",43,25,25,滋 賀 県,Shiga-ken,,56.6,28,77.0,39,20.4,40,21.9,32,149.2,23,11.8,18,7.0,14,692.0,40,808.0,40,25,25,滋 賀 県,Shiga-ken,,946.9,34,"5,528.4",43,642.8,1,
26,京都府,Kyoto-fu,,0.553,16,0.1,47,203.5,18,94.3,15,49.4,17,54.1,36,12.9,37,29.99,17,18.38,33,26,26,京 都 府,Kyoto-fu,,8.99,44,111.3,13,65.1,16,"3,266.4",9,15.87,10,5.57,5,7.24,5,2.64,28,0.42,24,26,26,京 都 府,Kyoto-fu,,2.47,43,0.88,6,4.23,38,12.36,6,8.40,43,8.08,5,3.87,37,24.62,15,0.96,13,26,26,京 都 府,Kyoto-fu,,29.31,19,1.43,38,11.92,39,833.0,30,234.5,16,65.4,14,219.2,14,440.3,14,"1,738.0",35,26,26,京 都 府,Kyoto-fu,,45.0,44,76.6,40,29.2,4,18.2,40,132.7,36,9.4,36,6.6,16,743.9,33,899.7,32,26,26,京 都 府,Kyoto-fu,,"1,252.6",6,"7,245.3",17,192.2,25,
27,大阪府,Osaka-fu,,0.738,6,0.4,37,200.3,21,99.9,1,63.0,4,55.7,30,7.0,46,39.07,7,9.81,44,27,27,大 阪 府,Osaka-fu,,8.86,46,125.3,4,72.3,5,"3,318.0",8,17.05,5,6.41,2,7.07,7,3.33,14,0.24,35,27,27,大 阪 府,Osaka-fu,,2.19,46,0.48,37,0.40,46,13.19,4,7.61,45,9.29,3,3.31,44,24.55,16,0.02,45,27,27,大 阪 府,Osaka-fu,,29.75,17,1.73,31,6.96,46,758.5,41,249.1,7,63.7,18,195.7,35,424.7,18,"1,978.3",4,27,27,大 阪 府,Osaka-fu,,40.9,45,68.4,44,29.4,3,14.6,46,119.2,42,5.6,47,0.2,44,687.4,41,829.5,37,27,27,大 阪 府,Osaka-fu,,839.4,45,"6,515.2",30,158.3,29,
28,兵庫県,Hyogo-ken,,0.604,9,0.2,44,220.1,9,96.0,8,54.3,9,51.9,39,11.6,41,31.40,14,15.08,39,28,28,兵 庫 県,Hyogo-ken,,9.21,43,117.7,8,69.3,10,"3,404.6",5,13.84,31,4.56,23,6.28,21,2.75,26,0.23,36,28,28,兵 庫 県,Hyogo-ken,,2.92,35,0.68,11,5.09,31,13.33,3,8.98,41,6.45,10,3.68,40,22.42,25,0.50,22,28,28,兵 庫 県,Hyogo-ken,,27.05,29,1.37,40,11.09,42,787.4,36,205.0,27,54.9,31,190.9,38,381.5,35,"1,862.3",15,28,28,兵 庫 県,Hyogo-ken,,49.3,37,82.6,37,23.3,20,15.7,44,124.1,40,7.6,44,2.9,29,713.9,37,763.2,43,28,28,兵 庫 県,Hyogo-ken,,961.3,31,"6,937.9",22,261.6,17,
29,奈良県,Nara-ken,,0.401,27,0.8,31,230.9,6,92.0,37,37.7,39,63.0,3,15.4,32,25.74,22,30.79,11,29,29,奈 良 県,Nara-ken,,13.30,19,102.0,23,49.2,46,"3,352.7",6,15.94,9,4.86,15,6.65,14,3.18,21,1.25,4,29,29,奈 良 県,Nara-ken,,4.29,7,0.39,41,3.40,41,1.55,45,12.11,24,5.78,16,6.34,4,25.06,10,1.24,10,29,29,奈 良 県,Nara-ken,,30.85,9,3.05,8,14.13,33,748.1,42,189.9,35,53.7,34,184.6,40,358.5,43,"1,703.5",39,29,29,奈 良 県,Nara-ken,,56.8,26,75.4,43,20.1,42,25.4,18,131.0,37,11.1,27,6.1,17,686.2,42,829.0,38,29,29,奈 良 県,Nara-ken,,841.6,43,"5,450.0",45,434.3,7,
30,和歌山県,Wakayama-ken,,0.307,38,1.7,12,183.3,36,92.2,34,39.6,34,51.2,41,23.7,7,16.58,40,29.42,14,30,30,和歌山県,Wakayama-ken,,15.01,12,89.5,33,58.1,31,"2,936.6",23,12.59,39,4.19,33,5.24,38,2.41,35,0.73,9,30,30,和歌山県,Wakayama-ken,,2.90,37,0.32,45,5.11,30,13.57,2,18.05,2,5.19,25,5.13,22,19.59,39,1.87,4,30,30,和歌山県,Wakayama-ken,,26.10,31,1.98,25,21.86,7,"1,077.0",10,234.6,15,70.2,8,218.7,15,416.4,19,"1,910.2",9,30,30,和歌山県,Wakayama-ken,,79.0,6,155.5,7,28.9,6,26.6,16,156.3,18,9.7,33,14.4,5,823.2,21,920.6,29,30,30,和歌山県,Wakayama-ken,,946.8,35,"6,543.6",28,240.3,19,
31,鳥取県,Tottori-ken,,0.243,45,3.9,4,193.5,27,89.3,45,31.9,44,60.2,12,22.1,11,15.49,41,38.75,2,31,31,鳥 取 県,Tottori-ken,,13.86,16,82.2,39,55.3,37,"2,628.8",44,13.34,33,4.05,35,5.26,37,3.81,8,0.23,37,31,31,鳥 取 県,Tottori-ken,,4.23,8,0.88,7,8.08,16,3.71,38,16.10,4,4.64,35,5.49,14,21.27,31,0.71,17,31,31,鳥 取 県,Tottori-ken,,25.89,32,1.53,35,21.37,10,"1,162.9",7,252.1,5,71.9,4,223.5,11,556.3,2,"1,664.5",40,31,31,鳥 取 県,Tottori-ken,,70.0,11,142.7,9,27.6,9,31.2,7,180.5,3,23.3,1,6.0,18,802.0,25,"1,170.3",3,31,31,鳥 取 県,Tottori-ken,,"1,265.5",5,"7,327.5",14,132.3,31,
32,島根県,Shimane-ken,,0.229,47,1.8,11,188.7,31,90.5,43,34.7,43,51.9,40,24.6,3,12.76,45,34.52,4,32,32,島 根 県,Shimane-ken,,15.75,9,86.5,34,57.6,32,"2,677.5",41,10.10,45,3.17,43,4.57,40,2.30,40,0.05,47,32,32,島 根 県,Shimane-ken,,3.58,22,0.59,23,8.17,15,12.34,7,15.79,5,4.03,42,4.94,27,18.11,41,1.69,5,32,32,島 根 県,Shimane-ken,,22.80,41,2.01,22,22.96,5,"1,400.5",3,248.4,8,71.6,6,242.5,4,515.5,3,"1,755.8",31,32,32,島 根 県,Shimane-ken,,85.7,3,178.3,3,30.0,2,32.4,5,194.7,1,20.2,2,26.4,4,"1,001.2",3,"1,082.5",8,32,32,島 根 県,Shimane-ken,,"1,398.0",2,"9,431.2",1,599.0,2,
33,岡山県,Okayama-ken,,0.484,19,0.4,37,200.4,20,92.7,31,48.2,18,60.6,10,12.4,39,30.23,16,24.10,26,33,33,岡 山 県,Okayama-ken,,10.24,39,101.6,25,64.8,18,"2,967.4",20,14.57,19,4.42,31,7.54,4,2.42,34,0.19,39,33,33,岡 山 県,Okayama-ken,,2.59,42,0.26,46,14.15,1,2.09,40,8.99,40,6.43,11,4.26,35,25.66,8,0.31,30,33,33,岡 山 県,Okayama-ken,,31.91,6,1.66,34,12.06,38,817.8,31,200.0,31,53.1,35,210.7,24,378.2,36,"1,792.0",25,33,33,岡 山 県,Okayama-ken,,62.9,17,87.9,35,23.1,21,19.5,35,141.7,31,9.0,38,2.6,32,817.3,23,945.6,26,33,33,岡 山 県,Okayama-ken,,"1,037.1",24,"6,165.5",35,444.7,6,
34,広島県,Hiroshima-ken,,0.566,13,0.8,31,236.7,5,91.2,39,46.7,22,62.4,6,11.7,40,35.09,8,20.19,31,34,34,広 島 県,Hiroshima-ken,,11.24,34,112.2,11,65.0,17,"3,103.5",12,16.69,6,5.41,7,7.83,1,3.32,15,0.08,45,34,34,広 島 県,Hiroshima-ken,,4.17,10,0.52,33,3.43,40,4.31,37,9.21,39,6.40,12,3.93,36,26.60,5,0.34,28,34,34,広 島 県,Hiroshima-ken,,31.73,7,2.76,10,11.35,41,791.4,34,208.4,25,56.8,25,199.0,32,406.4,25,"1,732.7",36,34,34,広 島 県,Hiroshima-ken,,61.4,20,88.5,33,20.6,39,18.5,39,130.4,38,9.7,35,3.6,24,743.2,34,852.2,34,34,34,広 島 県,Hiroshima-ken,,"1,116.3",13,"6,558.8",27,95.3,37,
35,山口県,Yamaguchi-ken,,0.409,26,1.4,16,199.4,22,94.1,17,42.7,30,54.7,34,16.9,28,22.69,25,26.21,22,35,35,山 口 県,Yamaguchi-ken,,12.76,22,98.9,28,63.1,23,"2,888.3",27,13.23,34,3.91,36,6.66,13,2.46,31,0.19,40,35,35,山 口 県,Yamaguchi-ken,,3.50,24,0.55,27,5.07,32,9.03,18,12.74,16,5.89,15,5.06,25,22.47,23,1.61,6,35,35,山 口 県,Yamaguchi-ken,,28.49,21,1.89,29,15.30,29,928.0,24,209.5,24,59.5,23,215.1,18,376.8,37,"1,862.1",16,35,35,山 口 県,Yamaguchi-ken,,63.8,16,107.6,23,27.1,11,23.7,26,151.6,20,14.3,9,12.5,6,852.6,15,988.7,17,35,35,山 口 県,Yamaguchi-ken,,"1,216.7",8,"7,208.4",18,119.8,33,
36,徳島県,Tokushima-ken,,0.300,42,3.5,6,188.3,32,92.8,29,48.0,19,52.6,38,17.5,26,16.71,39,29.42,15,36,36,徳 島 県,Tokushima-ken,,11.70,30,101.6,26,61.7,25,"2,915.7",25,12.48,40,3.34,41,5.47,33,2.59,29,1.07,6,36,36,徳 島 県,Tokushima-ken,,5.57,1,0.97,4,7.02,20,11.79,9,11.72,28,4.62,37,5.86,8,17.17,43,0.39,24,36,36,徳 島 県,Tokushima-ken,,23.80,40,2.44,14,17.15,22,"1,132.9",9,242.6,12,64.2,17,248.6,3,448.4,11,"1,741.1",34,36,36,徳 島 県,Tokushima-ken,,85.4,4,115.1,17,28.7,7,29.9,9,156.8,17,9.9,32,5.0,19,924.4,8,"1,025.4",13,36,36,徳 島 県,Tokushima-ken,,"1,030.5",25,"7,262.4",16,579.9,4,
37,香川県,Kagawa-ken,,0.443,23,1.5,13,205.4,17,94.8,12,47.6,20,59.4,15,12.5,38,26.95,20,26.24,21,37,37,香 川 県,Kagawa-ken,,10.01,41,109.8,16,60.1,28,"2,928.9",24,13.80,32,4.44,28,6.37,19,2.36,36,0.63,13,37,37,香 川 県,Kagawa-ken,,5.08,3,0.51,34,4.24,37,11.20,12,10.45,34,6.18,13,5.12,23,23.53,21,0.20,37,37,37,香 川 県,Kagawa-ken,,29.84,16,2.23,18,12.32,37,865.6,29,204.2,28,56.2,27,203.8,31,410.1,23,"1,873.1",14,37,37,香 川 県,Kagawa-ken,,66.2,14,76.3,41,26.4,13,22.5,31,163.9,11,11.0,28,1.2,41,839.2,19,"1,145.0",5,37,37,香 川 県,Kagawa-ken,,"1,150.1",11,"7,813.0",8,584.8,3,
38,愛媛県,Ehime-ken,,0.396,29,0.6,33,173.2,39,89.3,45,43.8,27,55.7,29,17.6,24,22.40,27,27.33,20,38,38,愛 媛 県,Ehime-ken,,12.16,24,90.3,32,64.0,21,"2,844.3",32,14.32,22,4.64,21,6.76,11,2.36,37,0.56,15,38,38,愛 媛 県,Ehime-ken,,3.95,15,0.54,29,6.60,23,10.28,13,12.73,17,4.79,31,5.45,15,22.47,24,0.27,32,38,38,愛 媛 県,Ehime-ken,,27.97,25,3.36,6,17.31,21,893.2,27,221.6,22,65.2,15,220.0,13,372.9,39,"1,873.3",13,38,38,愛 媛 県,Ehime-ken,,55.1,31,99.9,28,20.7,38,25.2,19,144.4,29,12.9,15,2.3,34,833.8,20,967.4,21,38,38,愛 媛 県,Ehime-ken,,"1,188.2",10,"6,582.3",25,160.8,28,
39,高知県,Kochi-ken,,0.233,46,0.9,24,194.4,24,94.5,14,29.9,46,59.8,14,22.9,9,14.81,44,38.95,1,39,39,高 知 県,Kochi-ken,,14.09,14,82.0,40,52.5,40,"2,686.0",40,13.98,28,4.14,34,6.13,24,2.73,27,0.97,8,39,39,高 知 県,Kochi-ken,,3.88,17,0.87,8,8.48,11,1.84,41,16.57,3,4.99,28,7.98,2,23.68,20,1.02,11,39,39,高 知 県,Kochi-ken,,27.36,27,2.62,13,21.88,6,"1,193.0",5,279.9,2,74.5,2,238.7,5,505.6,4,"1,751.4",32,39,39,高 知 県,Kochi-ken,,71.8,10,145.3,8,29.1,5,48.6,1,188.3,2,15.5,6,12.5,7,"1,046.9",1,"1,348.4",1,39,39,高 知 県,Kochi-ken,,"1,512.7",1,"8,566.6",4,311.8,12,
40,福岡県,Fukuoka-ken,,0.596,10,0.4,37,210.0,12,95.5,11,50.9,16,57.1,20,15.0,33,33.39,10,16.46,38,40,40,福 岡 県,Fukuoka-ken,,13.54,18,102.8,22,60.2,27,"3,052.0",15,19.68,2,4.55,25,7.82,2,4.88,1,2.42,1,40,40,福 岡 県,Fukuoka-ken,,2.44,44,0.66,16,3.69,39,7.83,22,10.77,32,7.59,7,3.61,41,24.78,12,0.36,25,40,40,福 岡 県,Fukuoka-ken,,30.34,11,3.92,1,14.68,30,800.4,33,233.9,17,57.5,24,217.6,16,447.5,12,"1,875.8",11,40,40,福 岡 県,Fukuoka-ken,,49.2,38,88.1,34,24.0,19,17.5,41,125.1,39,10.7,29,2.9,28,678.4,43,835.4,36,40,40,福 岡 県,Fukuoka-ken,,899.4,39,"5,830.8",40,97.6,36,
41,佐賀県,Saga-ken,,0.312,37,2.1,7,168.8,40,91.6,38,37.6,40,58.3,18,23.4,8,19.39,33,32.93,5,41,41,佐 賀 県,Saga-ken,,13.74,17,84.4,35,55.5,35,"2,696.2",39,14.30,24,4.73,20,5.81,28,3.28,19,0.48,19,41,41,佐 賀 県,Saga-ken,,3.69,19,0.66,15,8.31,13,7.91,21,12.60,18,5.25,22,5.79,9,22.25,27,0.13,40,41,41,佐 賀 県,Saga-ken,,28.49,20,2.28,17,23.26,4,"1,010.2",17,226.6,21,65.6,13,249.2,2,411.6,20,"1,982.0",3,41,41,佐 賀 県,Saga-ken,,68.3,13,105.6,25,26.9,12,28.8,13,168.1,7,14.0,11,2.1,35,819.8,22,"1,168.8",4,41,41,佐 賀 県,Saga-ken,,"1,029.7",26,"8,105.0",7,57.5,42,
42,長崎県,Nagasaki-ken,,0.301,41,0.2,44,183.7,35,96.9,5,35.0,42,55.0,31,21.2,16,17.17,38,32.22,7,42,42,長 崎 県,Nagasaki-ken,,16.38,7,80.1,42,47.1,47,"2,721.1",36,15.32,14,5.13,9,6.39,18,3.31,18,0.48,18,42,42,長 崎 県,Nagasaki-ken,,4.03,13,0.54,28,8.61,9,6.43,29,12.58,19,5.67,19,4.41,33,23.01,22,0.21,35,42,42,長 崎 県,Nagasaki-ken,,28.27,23,3.45,3,21.00,12,"1,038.6",14,249.1,6,69.4,9,233.8,7,433.0,15,"1,660.4",41,42,42,長 崎 県,Nagasaki-ken,,85.9,2,110.9,20,27.3,10,24.5,21,157.1,16,11.7,20,3.0,27,917.4,10,994.6,16,42,42,長 崎 県,Nagasaki-ken,,"1,060.3",19,"6,860.1",23,192.9,24,
43,熊本県,Kumamoto-ken,,0.369,32,3.7,5,193.8,26,94.2,16,39.6,35,55.9,28,21.5,13,21.28,28,28.18,17,43,43,熊 本 県,Kumamoto-ken,,15.93,8,81.8,41,50.9,45,"2,747.5",34,15.83,11,4.76,19,6.81,10,3.62,11,0.63,12,43,43,熊 本 県,Kumamoto-ken,,4.77,4,0.54,30,9.82,3,3.64,39,12.26,21,4.92,29,5.34,19,22.36,26,0.61,21,43,43,熊 本 県,Kumamoto-ken,,27.62,26,3.18,7,20.86,13,918.2,25,237.1,14,67.5,10,228.0,9,462.4,8,"1,770.8",30,43,43,熊 本 県,Kumamoto-ken,,62.3,19,103.1,26,20.7,37,26.6,17,137.0,34,10.3,30,4.4,21,773.2,28,901.8,31,43,43,熊 本 県,Kumamoto-ken,,961.0,32,"7,316.9",15,178.6,26,
44,大分県,Oita-ken,,0.343,33,0.9,24,190.1,30,93.2,26,37.8,38,56.5,24,22.3,10,19.84,31,30.72,12,44,44,大 分 県,Oita-ken,,15.43,11,82.9,37,58.9,29,"2,768.7",33,13.96,29,4.43,30,6.16,22,3.06,22,0.31,30,44,44,大 分 県,Oita-ken,,2.39,45,0.59,22,8.42,12,6.79,25,14.59,9,5.14,26,4.83,29,21.68,29,0.80,16,44,44,大 分 県,Oita-ken,,28.02,24,2.00,23,21.50,9,938.1,22,227.3,20,63.4,19,214.7,20,407.3,24,"1,928.7",7,44,44,大 分 県,Oita-ken,,48.5,39,112.9,19,24.2,17,22.6,30,147.8,25,11.4,25,8.2,10,864.5,14,973.1,19,44,44,大 分 県,Oita-ken,,"1,099.8",15,"7,453.5",13,317.7,11,
45,宮崎県,Miyazaki-ken,,0.304,40,2.0,8,181.3,37,91.0,41,39.1,36,54.9,33,20.2,17,17.42,37,32.28,6,45,45,宮 崎 県,Miyazaki-ken,,13.87,15,74.8,44,53.9,38,"2,625.9",45,14.03,26,4.37,32,5.44,35,3.54,12,0.67,10,45,45,宮 崎 県,Miyazaki-ken,,3.44,26,0.46,38,11.26,2,6.67,26,12.17,23,4.78,32,3.83,38,19.98,37,0.34,29,45,45,宮 崎 県,Miyazaki-ken,,25.88,33,2.33,15,19.88,15,"1,000.7",18,240.9,13,66.3,12,223.4,12,471.7,6,"1,714.0",37,45,45,宮 崎 県,Miyazaki-ken,,59.7,23,108.8,22,24.3,16,18.9,38,145.4,28,10.1,31,3.8,23,747.9,32,961.1,24,45,45,宮 崎 県,Miyazaki-ken,,919.2,37,"6,244.6",33,100.2,35,
46,鹿児島県,Kagoshima-ken,,0.306,39,0.9,24,221.0,8,97.1,4,30.9,45,59.4,16,20.1,18,18.57,35,34.86,3,46,46,鹿児島県,Kagoshima-ken,,17.44,6,75.7,43,52.3,42,"2,701.7",37,16.60,7,4.97,12,6.98,8,3.67,10,0.97,7,46,46,鹿児島県,Kagoshima-ken,,4.15,11,0.55,25,9.71,6,1.10,46,12.20,22,4.77,33,5.39,18,24.39,17,0.28,31,46,46,鹿児島県,Kagoshima-ken,,29.31,18,3.40,5,19.79,16,996.6,20,254.7,4,71.8,5,256.1,1,428.8,16,"1,813.6",24,46,46,鹿児島県,Kagoshima-ken,,59.3,24,109.2,21,21.6,29,29.3,12,159.7,13,11.5,23,3.4,25,923.1,9,"1,025.4",12,46,46,鹿児島県,Kagoshima-ken,,"1,325.3",3,"7,799.1",10,132.2,32,
47,沖縄県,Okinawa-ken,,0.296,43,1.0,22,93.0,45,93.5,21,27.2,47,47.9,43,24.4,4,15.15,43,28.36,16,47,47,沖 縄 県,Okinawa-ken,,32.93,1,70.8,47,55.9,33,"2,696.7",38,16.28,8,6.21,4,4.00,45,4.71,2,1.33,3,47,47,沖 縄 県,Okinawa-ken,,4.01,14,0.78,10,8.92,8,5.93,32,13.48,13,4.34,40,3.26,45,21.95,28,0.12,41,47,47,沖 縄 県,Okinawa-ken,,25.67,36,3.46,2,24.32,1,"1,036.5",15,272.2,3,89.0,1,229.6,8,455.5,9,"1,781.6",27,47,47,沖 縄 県,Okinawa-ken,,55.5,29,123.2,14,22.0,28,17.2,43,167.7,9,11.4,24,1.3,40,700.5,39,772.6,42,47,47,沖 縄 県,Okinawa-ken,,948.1,33,"6,758.6",24,455.8,5,
,,,,,,,,,,,,,,,,,,,,,,,,,,,,,,,,,,,,,,,,,,,,,,,,,,,,,,,,,,,,,,,,,,,,,,,,,,,,,,,,,,,,,,,,,,,,,,,,,,,,,,,,,,,,,,,,,,,,,,,,,,,,,